{"cameraMode":{"drawMode":0,"name":"Shaded","section":"Shading Mode"},"sceneLighting":true,"audioPlay":false,"sceneViewState":{"m_AlwaysRefresh":false,"showFog":true,"showSkybox":true,"showFlares":true,"showImageEffects":true,"showParticleSystems":true,"showVisualEffectGraphs":true,"m_FxEnabled":true},"in2DMode":false,"pivot":{"x":0.010982513427734375,"y":4.975752830505371,"z":-20.178403854370118},"rotation":{"x":-0.0362507663667202,"y":0.7220456004142761,"z":-0.03794228658080101,"w":-0.6898537278175354},"size":17.728702545166017,"orthographic":true}