{"cameraMode":{"drawMode":0,"name":"Shaded","section":"Shading Mode"},"sceneLighting":true,"audioPlay":false,"sceneViewState":{"m_AlwaysRefresh":false,"showFog":true,"showSkybox":true,"showFlares":true,"showImageEffects":true,"showParticleSystems":true,"showVisualEffectGraphs":true,"m_FxEnabled":true},"in2DMode":false,"pivot":{"x":-9.251800537109375,"y":3.3765599727630617,"z":-12.700172424316407},"rotation":{"x":-0.04479343816637993,"y":0.9551743865013123,"z":-0.21108946204185487,"w":-0.20269174873828889},"size":33.25292205810547,"orthographic":true}